Metric,Value
design__lint_error__count,0
design__lint_timing_construct__count,0
design__lint_warning__count,0
design__inferred_latch__count,0
design__instance__count,1258
design__instance__area,51967
design__instance_unmapped__count,0
synthesis__check_error__count,0
design__max_slew_violation__count__corner:nom_tt_025C_3v30,0
design__max_fanout_violation__count__corner:nom_tt_025C_3v30,0
design__max_cap_violation__count__corner:nom_tt_025C_3v30,0
power__internal__total,0.000005129994860908482
power__switching__total,0.00001949402030732017
power__leakage__total,3.292955241818163E-8
power__total,0.000024656945242895745
clock__skew__worst_hold__corner:nom_tt_025C_3v30,0.0
clock__skew__worst_setup__corner:nom_tt_025C_3v30,0.0
timing__hold__ws__corner:nom_tt_025C_3v30,8.43377214159474
timing__setup__ws__corner:nom_tt_025C_3v30,10.495942190241383
timing__hold__tns__corner:nom_tt_025C_3v30,0.0
timing__setup__tns__corner:nom_tt_025C_3v30,0.0
timing__hold__wns__corner:nom_tt_025C_3v30,0
timing__setup__wns__corner:nom_tt_025C_3v30,0.0
timing__hold_vio__count__corner:nom_tt_025C_3v30,0
timing__hold_r2r__ws__corner:nom_tt_025C_3v30,Infinity
timing__hold_r2r_vio__count__corner:nom_tt_025C_3v30,0
timing__setup_vio__count__corner:nom_tt_025C_3v30,0
timing__setup_r2r__ws__corner:nom_tt_025C_3v30,Infinity
timing__setup_r2r_vio__count__corner:nom_tt_025C_3v30,0
design__max_slew_violation__count__corner:nom_ss_125C_3v00,0
design__max_fanout_violation__count__corner:nom_ss_125C_3v00,0
design__max_cap_violation__count__corner:nom_ss_125C_3v00,0
clock__skew__worst_hold__corner:nom_ss_125C_3v00,0.0
clock__skew__worst_setup__corner:nom_ss_125C_3v00,0.0
timing__hold__ws__corner:nom_ss_125C_3v00,9.01085542797489
timing__setup__ws__corner:nom_ss_125C_3v00,9.388687426579562
timing__hold__tns__corner:nom_ss_125C_3v00,0.0
timing__setup__tns__corner:nom_ss_125C_3v00,0.0
timing__hold__wns__corner:nom_ss_125C_3v00,0
timing__setup__wns__corner:nom_ss_125C_3v00,0.0
timing__hold_vio__count__corner:nom_ss_125C_3v00,0
timing__hold_r2r__ws__corner:nom_ss_125C_3v00,Infinity
timing__hold_r2r_vio__count__corner:nom_ss_125C_3v00,0
timing__setup_vio__count__corner:nom_ss_125C_3v00,0
timing__setup_r2r__ws__corner:nom_ss_125C_3v00,Infinity
timing__setup_r2r_vio__count__corner:nom_ss_125C_3v00,0
design__max_slew_violation__count__corner:nom_ff_n40C_3v60,0
design__max_fanout_violation__count__corner:nom_ff_n40C_3v60,0
design__max_cap_violation__count__corner:nom_ff_n40C_3v60,0
clock__skew__worst_hold__corner:nom_ff_n40C_3v60,0.0
clock__skew__worst_setup__corner:nom_ff_n40C_3v60,0.0
timing__hold__ws__corner:nom_ff_n40C_3v60,8.172515340229522
timing__setup__ws__corner:nom_ff_n40C_3v60,10.986042608806578
timing__hold__tns__corner:nom_ff_n40C_3v60,0.0
timing__setup__tns__corner:nom_ff_n40C_3v60,0.0
timing__hold__wns__corner:nom_ff_n40C_3v60,0
timing__setup__wns__corner:nom_ff_n40C_3v60,0.0
timing__hold_vio__count__corner:nom_ff_n40C_3v60,0
timing__hold_r2r__ws__corner:nom_ff_n40C_3v60,Infinity
timing__hold_r2r_vio__count__corner:nom_ff_n40C_3v60,0
timing__setup_vio__count__corner:nom_ff_n40C_3v60,0
timing__setup_r2r__ws__corner:nom_ff_n40C_3v60,Infinity
timing__setup_r2r_vio__count__corner:nom_ff_n40C_3v60,0
design__max_slew_violation__count,0
design__max_fanout_violation__count,0
design__max_cap_violation__count,0
clock__skew__worst_hold,0.0
clock__skew__worst_setup,0.0
timing__hold__ws,8.167815988077981
timing__setup__ws,9.28603709099799
timing__hold__tns,0.0
timing__setup__tns,0.0
timing__hold__wns,0
timing__setup__wns,0.0
timing__hold_vio__count,0
timing__hold_r2r__ws,inf
timing__hold_r2r_vio__count,0
timing__setup_vio__count,0
timing__setup_r2r__ws,inf
timing__setup_r2r_vio__count,0
design__die__bbox,0.0 0.0 346.64 160.72
design__core__bbox,3.36 3.92 343.28 156.8
design__io,45
design__die__area,55712
design__core__area,51967
design__instance__count__stdcell,450
design__instance__area__stdcell,2151.3
design__instance__count__macros,0
design__instance__area__macros,0
design__instance__count__padcells,0
design__instance__area__padcells,0
design__instance__count__cover,0
design__instance__area__cover,0
design__instance__utilization,0.0413974
design__instance__utilization__stdcell,0.0413974
design__rows,39
design__rows:GF018hv5v_mcu_sc7,39
design__sites,23673
design__sites:GF018hv5v_mcu_sc7,23673
design__instance__count__class:tie_cell,16
design__instance__area__class:tie_cell,140.493
design__instance__count__class:buffer,8
design__instance__area__class:buffer,140.493
flow__warnings__count,1
flow__errors__count,0
flow__warnings__count:ODB-0220,1
flow__warnings__type_count,1
flow__warnings__count:ORD-0039,1
design__instance__count__class:endcap_cell,78
design__instance__area__class:endcap_cell,342.451
design__instance__count__class:tap_cell,348
design__instance__area__class:tap_cell,1527.86
design__power_grid_violation__count__net:VPWR,0
design__power_grid_violation__count__net:VGND,0
design__power_grid_violation__count,0
timing__drv__floating__nets,2
timing__drv__floating__pins,0
design__instance__displacement__total,0
design__instance__displacement__mean,0
design__instance__displacement__max,0
route__wirelength__estimated,1188.24
design__violations,0
flow__warnings__count:RSZ-0020,1
flow__warnings__count:STA-1140,6
flow__warnings__count:CTS-0041,1
flow__warnings__count:CTS-0082,1
flow__warnings__count:CTS-0083,1
design__instance__count__setup_buffer,0
design__instance__count__hold_buffer,0
global_route__vias,70
global_route__wirelength,1150
antenna__violating__nets,0
antenna__violating__pins,0
route__antenna_violation__count,0
antenna_diodes_count,0
route__net,43
route__net__special,2
route__drc_errors__iter:0,0
route__wirelength__iter:0,1129
route__drc_errors,0
route__wirelength,1129
route__vias,96
route__vias__singlecut,96
route__vias__multicut,0
flow__warnings__count:DRT-0349,8
design__disconnected_pin__count,11
design__critical_disconnected_pin__count,0
route__wirelength__max,119.62
design__instance__count__class:fill_cell,808
design__instance__area__class:fill_cell,49815.7
timing__unannotated_net__count__corner:nom_tt_025C_3v30,11
timing__unannotated_net_filtered__count__corner:nom_tt_025C_3v30,0
timing__unannotated_net__count__corner:nom_ss_125C_3v00,11
timing__unannotated_net_filtered__count__corner:nom_ss_125C_3v00,0
timing__unannotated_net__count__corner:nom_ff_n40C_3v60,11
timing__unannotated_net_filtered__count__corner:nom_ff_n40C_3v60,0
design__max_slew_violation__count__corner:min_tt_025C_3v30,0
design__max_fanout_violation__count__corner:min_tt_025C_3v30,0
design__max_cap_violation__count__corner:min_tt_025C_3v30,0
clock__skew__worst_hold__corner:min_tt_025C_3v30,0.0
clock__skew__worst_setup__corner:min_tt_025C_3v30,0.0
timing__hold__ws__corner:min_tt_025C_3v30,8.426381608755397
timing__setup__ws__corner:min_tt_025C_3v30,10.542978344322137
timing__hold__tns__corner:min_tt_025C_3v30,0.0
timing__setup__tns__corner:min_tt_025C_3v30,0.0
timing__hold__wns__corner:min_tt_025C_3v30,0
timing__setup__wns__corner:min_tt_025C_3v30,0.0
timing__hold_vio__count__corner:min_tt_025C_3v30,0
timing__hold_r2r__ws__corner:min_tt_025C_3v30,Infinity
timing__hold_r2r_vio__count__corner:min_tt_025C_3v30,0
timing__setup_vio__count__corner:min_tt_025C_3v30,0
timing__setup_r2r__ws__corner:min_tt_025C_3v30,Infinity
timing__setup_r2r_vio__count__corner:min_tt_025C_3v30,0
timing__unannotated_net__count__corner:min_tt_025C_3v30,11
timing__unannotated_net_filtered__count__corner:min_tt_025C_3v30,0
design__max_slew_violation__count__corner:min_ss_125C_3v00,0
design__max_fanout_violation__count__corner:min_ss_125C_3v00,0
design__max_cap_violation__count__corner:min_ss_125C_3v00,0
clock__skew__worst_hold__corner:min_ss_125C_3v00,0.0
clock__skew__worst_setup__corner:min_ss_125C_3v00,0.0
timing__hold__ws__corner:min_ss_125C_3v00,8.997668642604655
timing__setup__ws__corner:min_ss_125C_3v00,9.478054165340414
timing__hold__tns__corner:min_ss_125C_3v00,0.0
timing__setup__tns__corner:min_ss_125C_3v00,0.0
timing__hold__wns__corner:min_ss_125C_3v00,0
timing__setup__wns__corner:min_ss_125C_3v00,0.0
timing__hold_vio__count__corner:min_ss_125C_3v00,0
timing__hold_r2r__ws__corner:min_ss_125C_3v00,Infinity
timing__hold_r2r_vio__count__corner:min_ss_125C_3v00,0
timing__setup_vio__count__corner:min_ss_125C_3v00,0
timing__setup_r2r__ws__corner:min_ss_125C_3v00,Infinity
timing__setup_r2r_vio__count__corner:min_ss_125C_3v00,0
timing__unannotated_net__count__corner:min_ss_125C_3v00,11
timing__unannotated_net_filtered__count__corner:min_ss_125C_3v00,0
design__max_slew_violation__count__corner:min_ff_n40C_3v60,0
design__max_fanout_violation__count__corner:min_ff_n40C_3v60,0
design__max_cap_violation__count__corner:min_ff_n40C_3v60,0
clock__skew__worst_hold__corner:min_ff_n40C_3v60,0.0
clock__skew__worst_setup__corner:min_ff_n40C_3v60,0.0
timing__hold__ws__corner:min_ff_n40C_3v60,8.167815988077981
timing__setup__ws__corner:min_ff_n40C_3v60,11.014752088856925
timing__hold__tns__corner:min_ff_n40C_3v60,0.0
timing__setup__tns__corner:min_ff_n40C_3v60,0.0
timing__hold__wns__corner:min_ff_n40C_3v60,0
timing__setup__wns__corner:min_ff_n40C_3v60,0.0
timing__hold_vio__count__corner:min_ff_n40C_3v60,0
timing__hold_r2r__ws__corner:min_ff_n40C_3v60,Infinity
timing__hold_r2r_vio__count__corner:min_ff_n40C_3v60,0
timing__setup_vio__count__corner:min_ff_n40C_3v60,0
timing__setup_r2r__ws__corner:min_ff_n40C_3v60,Infinity
timing__setup_r2r_vio__count__corner:min_ff_n40C_3v60,0
timing__unannotated_net__count__corner:min_ff_n40C_3v60,11
timing__unannotated_net_filtered__count__corner:min_ff_n40C_3v60,0
design__max_slew_violation__count__corner:max_tt_025C_3v30,0
design__max_fanout_violation__count__corner:max_tt_025C_3v30,0
design__max_cap_violation__count__corner:max_tt_025C_3v30,0
clock__skew__worst_hold__corner:max_tt_025C_3v30,0.0
clock__skew__worst_setup__corner:max_tt_025C_3v30,0.0
timing__hold__ws__corner:max_tt_025C_3v30,8.44255889094934
timing__setup__ws__corner:max_tt_025C_3v30,10.441983573361707
timing__hold__tns__corner:max_tt_025C_3v30,0.0
timing__setup__tns__corner:max_tt_025C_3v30,0.0
timing__hold__wns__corner:max_tt_025C_3v30,0
timing__setup__wns__corner:max_tt_025C_3v30,0.0
timing__hold_vio__count__corner:max_tt_025C_3v30,0
timing__hold_r2r__ws__corner:max_tt_025C_3v30,Infinity
timing__hold_r2r_vio__count__corner:max_tt_025C_3v30,0
timing__setup_vio__count__corner:max_tt_025C_3v30,0
timing__setup_r2r__ws__corner:max_tt_025C_3v30,Infinity
timing__setup_r2r_vio__count__corner:max_tt_025C_3v30,0
timing__unannotated_net__count__corner:max_tt_025C_3v30,11
timing__unannotated_net_filtered__count__corner:max_tt_025C_3v30,0
design__max_slew_violation__count__corner:max_ss_125C_3v00,0
design__max_fanout_violation__count__corner:max_ss_125C_3v00,0
design__max_cap_violation__count__corner:max_ss_125C_3v00,0
clock__skew__worst_hold__corner:max_ss_125C_3v00,0.0
clock__skew__worst_setup__corner:max_ss_125C_3v00,0.0
timing__hold__ws__corner:max_ss_125C_3v00,9.0265326657044
timing__setup__ws__corner:max_ss_125C_3v00,9.28603709099799
timing__hold__tns__corner:max_ss_125C_3v00,0.0
timing__setup__tns__corner:max_ss_125C_3v00,0.0
timing__hold__wns__corner:max_ss_125C_3v00,0
timing__setup__wns__corner:max_ss_125C_3v00,0.0
timing__hold_vio__count__corner:max_ss_125C_3v00,0
timing__hold_r2r__ws__corner:max_ss_125C_3v00,Infinity
timing__hold_r2r_vio__count__corner:max_ss_125C_3v00,0
timing__setup_vio__count__corner:max_ss_125C_3v00,0
timing__setup_r2r__ws__corner:max_ss_125C_3v00,Infinity
timing__setup_r2r_vio__count__corner:max_ss_125C_3v00,0
timing__unannotated_net__count__corner:max_ss_125C_3v00,11
timing__unannotated_net_filtered__count__corner:max_ss_125C_3v00,0
design__max_slew_violation__count__corner:max_ff_n40C_3v60,0
design__max_fanout_violation__count__corner:max_ff_n40C_3v60,0
design__max_cap_violation__count__corner:max_ff_n40C_3v60,0
clock__skew__worst_hold__corner:max_ff_n40C_3v60,0.0
clock__skew__worst_setup__corner:max_ff_n40C_3v60,0.0
timing__hold__ws__corner:max_ff_n40C_3v60,8.178098429933657
timing__setup__ws__corner:max_ff_n40C_3v60,10.953110728429559
timing__hold__tns__corner:max_ff_n40C_3v60,0.0
timing__setup__tns__corner:max_ff_n40C_3v60,0.0
timing__hold__wns__corner:max_ff_n40C_3v60,0
timing__setup__wns__corner:max_ff_n40C_3v60,0.0
timing__hold_vio__count__corner:max_ff_n40C_3v60,0
timing__hold_r2r__ws__corner:max_ff_n40C_3v60,Infinity
timing__hold_r2r_vio__count__corner:max_ff_n40C_3v60,0
timing__setup_vio__count__corner:max_ff_n40C_3v60,0
timing__setup_r2r__ws__corner:max_ff_n40C_3v60,Infinity
timing__setup_r2r_vio__count__corner:max_ff_n40C_3v60,0
timing__unannotated_net__count__corner:max_ff_n40C_3v60,11
timing__unannotated_net_filtered__count__corner:max_ff_n40C_3v60,0
timing__unannotated_net__count,11
timing__unannotated_net_filtered__count,0
design_powergrid__voltage__worst__net:VPWR__corner:nom_tt_025C_3v30,3.29999
design_powergrid__drop__average__net:VPWR__corner:nom_tt_025C_3v30,3.3
design_powergrid__drop__worst__net:VPWR__corner:nom_tt_025C_3v30,0.00000531088
design_powergrid__voltage__worst__net:VGND__corner:nom_tt_025C_3v30,0.00000456274
design_powergrid__drop__average__net:VGND__corner:nom_tt_025C_3v30,1.37523E-7
design_powergrid__drop__worst__net:VGND__corner:nom_tt_025C_3v30,0.00000456274
design_powergrid__voltage__worst,0.00000456274
design_powergrid__voltage__worst__net:VPWR,3.29999
design_powergrid__drop__worst,0.00000531088
design_powergrid__drop__worst__net:VPWR,0.00000531088
design_powergrid__voltage__worst__net:VGND,0.00000456274
design_powergrid__drop__worst__net:VGND,0.00000456274
ir__voltage__worst,3.29999999999999982236431605997495353221893310546875
ir__drop__avg,9.8999999999999999755227807034241305217392437043599784374237060546875E-8
ir__drop__worst,0.000005309999999999999982058622449709872626044671051204204559326171875
magic__drc_error__count,0
magic__illegal_overlap__count,0
design__lvs_device_difference__count,0
design__lvs_net_difference__count,0
design__lvs_property_fail__count,0
design__lvs_error__count,0
design__lvs_unmatched_device__count,0
design__lvs_unmatched_net__count,0
design__lvs_unmatched_pin__count,0
